,Date,HomeTeam,AwayTeam,FTHG,FTAG,FTR,HTHG,HTAG,HTR,HTP,ATP,HM1,HM2,HM3,AM1,AM2,AM3,HTGD,ATGD,HHGD,AHGD,DiffFormPts
0,2024-08-16,Man United,Fulham,-0.40319020091539864,-1.1904345307208835,1,-0.8478928585481879,-0.7429084307898843,0,-1.9769508706046934,-1.9568638074551656,M,M,M,M,M,M,-0.005998703082647927,-0.0005455644204540734,0.011300748868740204,-0.017529830458183297,0.02153645693636126
1,2024-08-17,Ipswich,Liverpool,-1.1817643819934098,0.4315687228160868,2,-0.8478928585481879,-0.7429084307898843,0,-1.9769508706046934,-1.9568638074551656,M,M,M,M,M,M,-0.005998703082647927,-0.0005455644204540734,0.011300748868740204,-0.017529830458183297,0.02153645693636126
2,2024-08-17,Arsenal,Wolves,0.3753839801626126,-1.1904345307208835,1,0.28804015768861885,-0.7429084307898843,1,-1.9769508706046934,-1.9568638074551656,M,M,M,M,M,M,-0.005998703082647927,-0.0005455644204540734,0.011300748868740204,-0.017529830458183297,0.02153645693636126
3,2024-08-17,Everton,Brighton,-1.1817643819934098,1.242570349584572,2,-0.8478928585481879,0.4063421803767875,2,-1.9769508706046934,-1.9568638074551656,M,M,M,M,M,M,-0.005998703082647927,-0.0005455644204540734,0.011300748868740204,-0.017529830458183297,0.02153645693636126
4,2024-08-17,Newcastle,Southampton,-0.40319020091539864,-1.1904345307208835,1,0.28804015768861885,-0.7429084307898843,1,-1.9769508706046934,-1.9568638074551656,M,M,M,M,M,M,-0.005998703082647927,-0.0005455644204540734,0.011300748868740204,-0.017529830458183297,0.02153645693636126
5,2024-08-17,Nott'm Forest,Bournemouth,-0.40319020091539864,-0.3794329039523983,0,0.28804015768861885,-0.7429084307898843,1,-1.9769508706046934,-1.9568638074551656,M,M,M,M,M,M,-0.005998703082647927,-0.0005455644204540734,0.011300748868740204,-0.017529830458183297,0.02153645693636126
6,2024-08-17,West Ham,Aston Villa,-0.40319020091539864,0.4315687228160868,2,0.28804015768861885,0.4063421803767875,0,-1.9769508706046934,-1.9568638074551656,M,M,M,M,M,M,-0.005998703082647927,-0.0005455644204540734,0.011300748868740204,-0.017529830458183297,0.02153645693636126
7,2024-08-18,Brentford,Crystal Palace,0.3753839801626126,-0.3794329039523983,1,0.28804015768861885,-0.7429084307898843,1,-1.9769508706046934,-1.9568638074551656,M,M,M,M,M,M,-0.005998703082647927,-0.0005455644204540734,0.011300748868740204,-0.017529830458183297,0.02153645693636126
8,2024-08-18,Chelsea,Man City,-1.1817643819934098,0.4315687228160868,2,-0.8478928585481879,0.4063421803767875,2,-1.9769508706046934,-1.9568638074551656,M,M,M,M,M,M,-0.005998703082647927,-0.0005455644204540734,0.011300748868740204,-0.017529830458183297,0.02153645693636126
9,2024-08-19,Leicester,Tottenham,-0.40319020091539864,-0.3794329039523983,0,-0.8478928585481879,0.4063421803767875,2,-1.9769508706046934,-1.9568638074551656,M,M,M,M,M,M,-0.005998703082647927,-0.0005455644204540734,0.011300748868740204,-0.017529830458183297,0.02153645693636126
10,2024-08-24,Brighton,Man United,0.3753839801626126,-0.3794329039523983,1,0.28804015768861885,-0.7429084307898843,1,0.5594071639006468,0.5217409905357365,W,M,M,W,M,M,2.0456401966056363,0.665096516902131,1.2859839195587897,-0.017529830458183297,0.02153645693636126
11,2024-08-24,Crystal Palace,West Ham,-1.1817643819934098,0.4315687228160868,2,-0.8478928585481879,-0.7429084307898843,0,-1.9769508706046934,-1.9568638074551656,L,M,M,L,M,M,-0.689878336312076,-0.6661876457430392,-1.2633824218213092,-0.017529830458183297,0.02153645693636126
12,2024-08-24,Fulham,Leicester,0.3753839801626126,-0.3794329039523983,1,0.28804015768861885,0.4063421803767875,0,-1.9769508706046934,-1.130662208124865,L,M,M,D,M,M,-0.689878336312076,-0.0005455644204540734,0.011300748868740204,-1.2634974801592367,-1.0455426649722015
13,2024-08-24,Man City,Ipswich,1.9325323423186351,-0.3794329039523983,1,2.5599061901622324,0.4063421803767875,1,0.5594071639006468,-1.9568638074551656,W,M,M,L,M,M,1.3617605633762084,-1.3318297270656243,1.2859839195587897,-0.017529830458183297,3.2227738226620493
14,2024-08-24,Southampton,Nott'm Forest,-1.1817643819934098,-0.3794329039523983,2,-0.8478928585481879,-0.7429084307898843,0,-1.9769508706046934,-1.130662208124865,L,M,M,D,M,M,-0.689878336312076,-0.0005455644204540734,-1.2633824218213092,1.22843781924287,-1.0455426649722015
15,2024-08-24,Tottenham,Everton,1.9325323423186351,-1.1904345307208835,1,1.4239731739254256,-0.7429084307898843,1,-1.1314981924362466,-1.9568638074551656,D,M,M,L,M,M,-0.005998703082647927,-1.9974718083882093,1.2859839195587897,-1.2634974801592367,1.0886155788449239
16,2024-08-24,Aston Villa,Arsenal,-1.1817643819934098,0.4315687228160868,2,-0.8478928585481879,-0.7429084307898843,0,0.5594071639006468,0.5217409905357365,W,M,M,W,M,M,0.6778809301467802,1.3307385982247162,0.011300748868740204,1.22843781924287,0.02153645693636126
17,2024-08-25,Bournemouth,Newcastle,-0.40319020091539864,-0.3794329039523983,0,0.28804015768861885,-0.7429084307898843,1,-1.1314981924362466,0.5217409905357365,D,M,M,W,M,M,-0.005998703082647927,0.665096516902131,-1.2633824218213092,1.22843781924287,-2.1126217868807644
18,2024-08-25,Wolves,Chelsea,0.3753839801626126,3.6755752298900277,2,1.4239731739254256,1.5555927915434595,0,-1.9769508706046934,-1.9568638074551656,L,M,M,L,M,M,-1.3737579695415043,-1.3318297270656243,-1.2633824218213092,-1.2634974801592367,0.02153645693636126
19,2024-08-25,Liverpool,Brentford,0.3753839801626126,-1.1904345307208835,1,0.28804015768861885,-0.7429084307898843,1,0.5594071639006468,0.5217409905357365,W,M,M,W,M,M,1.3617605633762084,0.665096516902131,0.011300748868740204,1.22843781924287,0.02153645693636126
20,2024-08-31,Arsenal,Brighton,-0.40319020091539864,-0.3794329039523983,0,0.28804015768861885,-0.7429084307898843,1,1.4048598420690934,1.3479425898660373,W,W,M,W,W,M,1.8176803188624935,1.7744999857731063,0.8610895293287731,1.643760369143221,0.02153645693636126
21,2024-08-31,Brentford,Southampton,1.1539581612406238,-0.3794329039523983,1,0.28804015768861885,-0.7429084307898843,1,-0.28604551426779995,-1.9568638074551656,L,W,M,L,L,M,-0.4619184585689333,-0.8880683395172342,0.011300748868740204,-0.8481749302588855,2.155694700753487
22,2024-08-31,Everton,Bournemouth,0.3753839801626126,1.242570349584572,2,-0.8478928585481879,-0.7429084307898843,0,-1.9769508706046934,-0.8552616750147647,L,L,M,D,D,M,-3.197436991486646,-0.0005455644204540734,-2.5380655925113587,-0.017529830458183297,-1.401235705608389
23,2024-08-31,Ipswich,Fulham,-0.40319020091539864,-0.3794329039523983,0,0.28804015768861885,0.4063421803767875,0,-1.9769508706046934,-0.30446060879456416,L,L,M,W,L,M,-2.2855974805140753,-0.0005455644204540734,-1.6882768120513256,-0.017529830458183297,-2.1126217868807644
24,2024-08-31,Leicester,Aston Villa,-0.40319020091539864,0.4315687228160868,2,-0.8478928585481879,0.4063421803767875,2,-1.413315751825729,-0.30446060879456416,L,D,M,L,W,M,-0.4619184585689333,-0.4443069519688441,-0.8384880315912927,-0.017529830458183297,-1.401235705608389
25,2024-08-31,Nott'm Forest,Wolves,-0.40319020091539864,-0.3794329039523983,0,0.28804015768861885,0.4063421803767875,0,0.27758960451116443,-1.9568638074551656,W,D,M,L,L,M,0.44992105240363744,-2.663113889710795,0.8610895293287731,-0.8481749302588855,2.8670807820258615
26,2024-08-31,West Ham,Man City,-0.40319020091539864,1.242570349584572,2,0.28804015768861885,1.5555927915434595,2,-0.28604551426779995,1.3479425898660373,W,L,M,W,W,M,0.44992105240363744,2.2182613733214964,0.011300748868740204,2.474405468943923,-2.1126217868807644
27,2024-09-01,Chelsea,Crystal Palace,-0.40319020091539864,-0.3794329039523983,0,0.28804015768861885,-0.7429084307898843,1,-0.28604551426779995,-1.9568638074551656,W,L,M,L,L,M,0.9058408078899229,-1.3318297270656243,-0.8384880315912927,-0.8481749302588855,2.155694700753487
28,2024-09-01,Newcastle,Tottenham,0.3753839801626126,-0.3794329039523983,1,0.28804015768861885,-0.7429084307898843,1,0.27758960451116443,0.2463404574256362,D,W,M,W,D,M,0.44992105240363744,1.7744999857731063,0.011300748868740204,2.474405468943923,0.02153645693636126
29,2024-09-01,Man United,Liverpool,-1.1817643819934098,1.242570349584572,2,-0.8478928585481879,1.5555927915434595,2,-0.28604551426779995,1.3479425898660373,L,W,M,W,W,M,-0.005998703082647927,1.7744999857731063,-0.8384880315912927,0.8131152693425188,-2.1126217868807644
30,2024-09-14,Southampton,Man United,-1.1817643819934098,1.242570349584572,2,-0.8478928585481879,1.5555927915434595,2,-1.9769508706046934,-0.7175614084597145,L,L,L,L,L,W,-1.3737579695415043,-0.9990086864043318,-1.2633824218213092,-1.8864813050097633,-1.579082225926483
31,2024-09-14,Brighton,Ipswich,-1.1817643819934098,-1.1904345307208835,0,-0.8478928585481879,-0.7429084307898843,0,0.9821335029848701,-1.5437630077900153,D,W,W,D,L,L,1.3617605633762084,-1.6646507677269167,0.6486423342137649,-1.2634974801592367,3.2227738226620493
32,2024-09-14,Crystal Palace,Leicester,0.3753839801626126,0.4315687228160868,0,-0.8478928585481879,0.4063421803767875,2,-1.5542245315204701,-1.5437630077900153,D,L,L,L,L,D,-1.03181815292679,-0.6661876457430392,-1.2633824218213092,-1.2634974801592367,0.02153645693636126
33,2024-09-14,Fulham,West Ham,-0.40319020091539864,-0.3794329039523983,0,0.28804015768861885,-0.7429084307898843,1,-0.28604551426779995,-0.7175614084597145,D,W,L,L,W,L,-0.005998703082647927,-0.3333666050817466,0.011300748868740204,-0.64051365530871,0.5550760178906426
34,2024-09-14,Liverpool,Nott'm Forest,-1.1817643819934098,-0.3794329039523983,2,-0.8478928585481879,-0.7429084307898843,0,1.827586181153317,0.1086401908705862,W,W,W,D,W,D,2.3875800132203504,0.3322754762408385,1.9233255049038143,0.6054539943923434,2.155694700753487
35,2024-09-14,Man City,Brentford,0.3753839801626126,-0.3794329039523983,1,1.4239731739254256,0.4063421803767875,1,1.827586181153317,0.5217409905357365,W,W,W,W,L,W,2.3875800132203504,0.3322754762408385,2.560667090248839,0.6054539943923434,1.6221551397992053
36,2024-09-14,Aston Villa,Everton,1.1539581612406238,0.4315687228160868,1,0.28804015768861885,1.5555927915434595,2,0.5594071639006468,-1.9568638074551656,W,L,W,L,L,L,-0.005998703082647927,-2.663113889710795,0.6486423342137649,-1.8864813050097633,3.2227738226620493
37,2024-09-14,Bournemouth,Chelsea,-1.1817643819934098,-0.3794329039523983,2,-0.8478928585481879,-0.7429084307898843,0,0.1366808248164234,-0.30446060879456416,W,D,D,D,W,L,0.3359411135320661,0.665096516902131,0.011300748868740204,-0.017529830458183297,0.5550760178906426
38,2024-09-15,Tottenham,Arsenal,-1.1817643819934098,-0.3794329039523983,2,-0.8478928585481879,-0.7429084307898843,0,-0.28604551426779995,0.934841790200887,L,W,D,D,W,W,1.0198207467614944,1.3307385982247162,1.2859839195587897,1.22843781924287,-1.579082225926483
39,2024-09-15,Wolves,Newcastle,-0.40319020091539864,0.4315687228160868,2,0.28804015768861885,-0.7429084307898843,1,-1.5542245315204701,0.934841790200887,D,L,L,W,D,W,-2.0576376027709324,0.665096516902131,-0.6260408364762845,0.6054539943923434,-3.179700908789327
40,2024-09-21,West Ham,Chelsea,-1.1817643819934098,1.242570349584572,2,-0.8478928585481879,1.5555927915434595,2,-0.6242265855351786,0.3565006706696763,D,L,W,W,D,W,-0.2795505563744192,0.798224933166648,-1.0084457876832995,-0.017529830458183297,-1.258958489353914
41,2024-09-21,Aston Villa,Wolves,1.1539581612406238,-0.3794329039523983,1,-0.8478928585481879,0.4063421803767875,2,1.066678770801715,-1.6263831677230454,W,W,L,L,D,L,0.26755315020912335,-1.8643433921236923,0.011300748868740204,-0.017529830458183297,3.436189647043762
42,2024-09-21,Fulham,Newcastle,1.1539581612406238,-0.3794329039523983,1,1.4239731739254256,-0.7429084307898843,1,-0.28604551426779995,1.3479425898660373,D,D,W,W,W,D,-0.005998703082647927,0.798224933166648,0.52117401714476,-0.017529830458183297,-2.1126217868807644
43,2024-09-21,Leicester,Everton,-0.40319020091539864,-0.3794329039523983,0,-0.8478928585481879,0.4063421803767875,2,-1.300588728069936,-1.9568638074551656,D,L,L,L,L,L,-0.5531024096661905,-2.3968570571817605,-0.4985725194072796,-1.014303950219026,0.8751997544632115
44,2024-09-21,Liverpool,Bournemouth,1.1539581612406238,-1.1904345307208835,1,2.5599061901622324,-0.7429084307898843,1,1.066678770801715,-0.30446060879456416,L,W,W,L,W,D,1.6353124166679796,-0.0005455644204540734,1.5409205536967994,-0.017529830458183297,1.7288630519900616
45,2024-09-21,Southampton,Ipswich,-0.40319020091539864,-0.3794329039523983,0,0.28804015768861885,-0.7429084307898843,1,-1.9769508706046934,-1.295902527990925,L,L,L,D,D,L,-1.9208616761250468,-1.3318297270656243,-2.028192324235339,-1.014303950219026,-0.8321268405904889
46,2024-09-21,Tottenham,Brentford,1.1539581612406238,-0.3794329039523983,1,1.4239731739254256,0.4063421803767875,1,-0.6242265855351786,0.02602003093755605,L,L,W,L,W,L,0.5411050035008946,-0.0005455644204540734,1.0310472854207797,-0.017529830458183297,-0.8321268405904889
47,2024-09-21,Crystal Palace,Man United,-1.1817643819934098,-1.1904345307208835,0,-0.8478928585481879,-0.7429084307898843,0,-1.300588728069936,0.02602003093755605,D,D,L,W,L,L,-0.8266542629579616,-0.0005455644204540734,-1.5183190559593192,-0.5159168903386047,-1.6857901381173392
48,2024-09-22,Brighton,Nott'm Forest,0.3753839801626126,0.4315687228160868,0,1.4239731739254256,0.4063421803767875,1,0.7284976995343363,0.6869813104017969,D,D,W,W,D,W,1.0882087100844373,0.531968100637614,0.52117401714476,0.4808572294222381,0.02153645693636126
49,2024-09-22,Man City,Arsenal,0.3753839801626126,0.4315687228160868,0,0.28804015768861885,1.5555927915434595,2,2.0812219846038507,1.3479425898660373,W,W,W,W,D,W,2.1824161232515222,1.3307385982247162,2.560667090248839,0.9792442893026594,0.8751997544632115
50,2024-09-28,Newcastle,Man City,-0.40319020091539864,-0.3794329039523983,0,-0.8478928585481879,0.4063421803767875,2,0.8412247232901292,1.6233431229761373,L,W,W,D,W,W,0.22196117466049475,1.7744999857731063,-0.8384880315912927,1.643760369143221,-1.0455426649722015
51,2024-09-28,Arsenal,Leicester,1.9325323423186351,0.4315687228160868,1,1.4239731739254256,-0.7429084307898843,1,1.1230422826796111,-1.130662208124865,D,W,D,D,D,L,1.1338006856330658,-0.4443069519688441,1.2859839195587897,-0.8481749302588855,2.8670807820258615
52,2024-09-28,Brentford,West Ham,-0.40319020091539864,-0.3794329039523983,0,0.28804015768861885,-0.7429084307898843,1,-0.28604551426779995,-0.8552616750147647,L,L,W,L,D,L,-0.4619184585689333,-0.8880683395172342,-0.41359364136127624,-1.6788200300595877,0.7329225382087364
53,2024-09-28,Chelsea,Brighton,1.9325323423186351,0.4315687228160868,1,3.695839206399039,1.5555927915434595,1,0.8412247232901292,0.5217409905357365,W,W,D,D,D,D,1.3617605633762084,0.886977210676326,0.8610895293287731,0.8131152693425188,0.3772294975725488
54,2024-09-28,Everton,Crystal Palace,0.3753839801626126,-0.3794329039523983,1,-0.8478928585481879,0.4063421803767875,2,-1.6951333112152112,-1.130662208124865,D,L,L,D,D,D,-2.0576376027709324,-0.6661876457430392,-0.41359364136127624,-1.2634974801592367,-0.6898496243360138
55,2024-09-28,Nott'm Forest,Fulham,-1.1817643819934098,-0.3794329039523983,2,-0.8478928585481879,-0.7429084307898843,0,0.5594071639006468,0.2463404574256362,D,W,D,W,D,D,0.44992105240363744,0.443215823127936,0.011300748868740204,1.22843781924287,0.3772294975725488
56,2024-09-28,Wolves,Liverpool,-0.40319020091539864,0.4315687228160868,2,-0.8478928585481879,0.4063421803767875,2,-1.6951333112152112,1.3479425898660373,L,L,D,W,L,W,-2.0576376027709324,1.9963806795473014,0.4361951390987566,2.474405468943923,-3.891086990061702
57,2024-09-29,Ipswich,Aston Villa,0.3753839801626126,0.4315687228160868,0,0.28804015768861885,1.5555927915434595,2,-1.1314981924362466,1.3479425898660373,D,D,D,W,W,W,-1.1457980917983615,0.665096516902131,-1.2633824218213092,-0.43285238035853435,-3.179700908789327
58,2024-09-29,Man United,Tottenham,-1.1817643819934098,1.242570349584572,2,-0.8478928585481879,0.4063421803767875,2,-0.004227954878317584,-0.029060075684463803,D,W,L,W,L,L,-0.005998703082647927,0.886977210676326,-0.41359364136127624,1.22843781924287,0.02153645693636126
59,2024-09-30,Bournemouth,Southampton,1.1539581612406238,-0.3794329039523983,1,2.5599061901622324,-0.7429084307898843,1,-0.5678630736572822,-1.6814632743450653,L,L,W,D,L,L,-0.689878336312076,-1.5537104208398194,-1.2633824218213092,-1.2634974801592367,1.4443086194811114
60,2024-10-05,Crystal Palace,Liverpool,-1.1817643819934098,-0.3794329039523983,2,-0.8478928585481879,0.4063421803767875,2,-1.2522771464603104,1.5840001896746945,L,D,D,W,W,L,-0.7875754267734228,1.901288953644075,-0.7170896343827166,2.474405468943923,-2.722381285114229
61,2024-10-05,Arsenal,Southampton,1.1539581612406238,-0.3794329039523983,1,-0.8478928585481879,-0.7429084307898843,0,1.4048598420690934,-1.7208062076465085,W,D,W,L,D,L,1.3617605633762084,-1.7121966306785301,1.8322767069973822,-2.153474372802846,3.0703339481036833
62,2024-10-05,Brentford,Wolves,2.7111065233966465,1.242570349584572,1,3.695839206399039,1.5555927915434595,1,-0.28604551426779995,-1.7208062076465085,D,L,L,L,L,L,-0.3967870649280354,-1.9023800824849828,0.011300748868740204,-0.017529830458183297,0.9361757042865578
63,2024-10-05,Leicester,Bournemouth,-0.40319020091539864,-1.1904345307208835,1,0.28804015768861885,-0.7429084307898843,1,-1.2522771464603104,-0.06840300898590693,L,D,D,W,L,L,-0.7875754267734228,-0.19072901622690694,-1.4454800176341733,-0.017529830458183297,-1.5028622886473
64,2024-10-05,Man City,Fulham,1.1539581612406238,0.4315687228160868,1,0.28804015768861885,0.4063421803767875,0,1.4048598420690934,0.6397697904400652,D,D,W,W,W,D,1.557154744298902,0.5700047909989046,1.8322767069973822,1.050442440714148,0.02153645693636126
65,2024-10-05,West Ham,Ipswich,1.9325323423186351,-0.3794329039523983,1,1.4239731739254256,0.4063421803767875,1,-0.7691613303640552,-1.0126334082205364,D,L,D,D,D,D,-0.7875754267734228,-0.9514628234527186,-1.8096752092599018,-1.4414928586879585,0.32641620605309346
66,2024-10-05,Everton,Newcastle,-1.1817643819934098,-1.1904345307208835,0,-0.8478928585481879,-0.7429084307898843,0,-1.010719238412183,0.6397697904400652,W,D,L,D,L,W,-1.5691521504641979,0.18963788738599882,-0.7170896343827166,-1.0855021016305146,-1.1979825395305677
67,2024-10-06,Aston Villa,Man United,-1.1817643819934098,-1.1904345307208835,0,-0.8478928585481879,-0.7429084307898843,0,1.163301934020966,-0.30446060879456416,D,W,W,L,D,W,0.5801838396854333,-0.5710959198398127,0.011300748868740204,-0.7295113445730709,1.8508149516367542
68,2024-10-06,Chelsea,Nott'm Forest,-0.40319020091539864,-0.3794329039523983,0,-0.8478928585481879,-0.7429084307898843,0,1.163301934020966,0.1676545908227507,W,W,W,L,D,W,1.557154744298902,0.18963788738599882,1.4680815153716538,-0.017529830458183297,1.5459352025200221
69,2024-10-06,Brighton,Tottenham,1.1539581612406238,0.4315687228160868,1,-0.8478928585481879,1.5555927915434595,2,0.19707030182845547,0.40371219063140795,L,D,D,W,W,L,0.3847896587627396,1.3307385982247162,0.011300748868740204,1.4064331977715918,-0.8931027904138353
70,2024-10-19,Tottenham,West Ham,1.9325323423186351,-0.3794329039523983,1,0.28804015768861885,0.4063421803767875,0,0.1366808248164234,-0.30446060879456416,L,W,W,W,D,L,1.0198207467614944,-0.16695608475110033,1.9233255049038143,-1.2634974801592367,0.288306237413502
71,2024-10-19,Fulham,Aston Villa,-0.40319020091539864,1.242570349584572,2,0.28804015768861885,0.4063421803767875,0,0.3480439943585351,0.934841790200887,L,W,W,D,D,W,0.3359411135320661,0.49868599657148477,0.9673131268862772,-0.017529830458183297,-0.7787728844950608
72,2024-10-19,Ipswich,Everton,-1.1817643819934098,0.4315687228160868,2,-0.8478928585481879,1.5555927915434595,2,-1.1314981924362466,-0.9241118082922898,L,D,D,D,W,D,-1.3737579695415043,-1.3318297270656243,-1.5820532144938215,-0.64051365530871,-0.24523332354077942
73,2024-10-19,Man United,Brentford,0.3753839801626126,-0.3794329039523983,1,-0.8478928585481879,0.4063421803767875,2,-0.28604551426779995,0.1086401908705862,D,L,D,W,D,L,-0.518908428004719,-0.0005455644204540734,-0.6260408364762845,0.6054539943923434,-0.51200310401792
74,2024-10-19,Newcastle,Brighton,-1.1817643819934098,-0.3794329039523983,2,-0.8478928585481879,0.4063421803767875,2,0.5594071639006468,0.5217409905357365,D,D,L,W,L,D,0.1649712052247091,0.49868599657148477,-0.9447116291487969,-0.64051365530871,0.5550760178906426
75,2024-10-19,Southampton,Leicester,0.3753839801626126,1.242570349584572,2,1.4239731739254256,-0.7429084307898843,1,-1.7655877010625818,-0.7175614084597145,L,L,D,W,L,D,-1.8866676944635754,-0.4997771254123929,-1.900724007166334,-0.9520055677339733,-1.0455426649722015
76,2024-10-19,Bournemouth,Arsenal,0.3753839801626126,-1.1904345307208835,1,-0.8478928585481879,-0.7429084307898843,0,-0.28604551426779995,1.5544929896986126,L,W,L,W,W,D,-0.347938519697362,1.4971491185553625,-0.30737004380377214,1.5399297316681333,-1.3123124454493422
77,2024-10-20,Wolves,Man City,-0.40319020091539864,0.4315687228160868,2,0.28804015768861885,0.4063421803767875,0,-1.7655877010625818,1.5544929896986126,L,L,L,W,D,D,-2.0576376027709324,1.4971491185553625,-0.6260408364762845,1.5399297316681333,-2.6461613478350454
78,2024-10-20,Liverpool,Chelsea,0.3753839801626126,-0.3794329039523983,1,0.28804015768861885,-0.7429084307898843,1,1.827586181153317,0.934841790200887,W,W,W,D,W,W,1.8746702882982793,1.3307385982247162,2.560667090248839,1.22843781924287,0.288306237413502
79,2024-10-21,Nott'm Forest,Crystal Palace,-0.40319020091539864,-1.1904345307208835,1,-0.8478928585481879,-0.7429084307898843,0,0.1366808248164234,-1.33721260795744,D,L,D,L,L,D,0.1649712052247091,-0.8325981660736855,0.011300748868740204,-0.9520055677339733,0.8218457983677833
80,2024-10-25,Leicester,Nott'm Forest,-0.40319020091539864,1.242570349584572,2,0.28804015768861885,0.4063421803767875,0,-0.28604551426779995,0.4299408128323698,W,W,L,W,D,L,-0.3099452067401715,0.295295360611806,-1.4050138852313148,-0.017529830458183297,0.02153645693636126
81,2024-10-26,Aston Villa,Bournemouth,-0.40319020091539864,-0.3794329039523983,0,-0.8478928585481879,-0.7429084307898843,0,1.2169814691427718,0.06274010201890298,W,D,D,W,L,W,0.7538675560611612,-0.0005455644204540734,0.011300748868740204,-0.29441153039175066,1.207179925723653
82,2024-10-26,Brentford,Ipswich,1.9325323423186351,1.242570349584572,1,1.4239731739254256,1.5555927915434595,0,-0.09816714134147837,-1.2224623858282317,L,W,D,L,L,D,-0.15797195491140972,-1.4797501895817542,0.8610895293287731,-1.9557017299931552,0.2586651506938196
83,2024-10-26,Brighton,Wolves,0.3753839801626126,0.4315687228160868,0,0.28804015768861885,-0.7429084307898843,1,0.8412247232901292,-1.773263452048432,W,W,L,L,L,L,0.6018943042323993,-1.9235115771301443,-0.27196217795127076,-0.5712932303253181,1.9185660069960282
84,2024-10-26,Man City,Southampton,-0.40319020091539864,-1.1904345307208835,1,0.28804015768861885,-0.7429084307898843,1,1.7806165879217366,-1.773263452048432,W,W,D,L,L,L,1.5137338152049702,-1.7755911146140142,1.4276153829687952,-1.125056630192453,2.392823394510945
85,2024-10-26,Everton,Fulham,-0.40319020091539864,-0.3794329039523983,0,-0.8478928585481879,-0.7429084307898843,0,-0.47392388719412154,0.06274010201890298,W,D,W,L,L,W,-0.9178382140552187,-0.0005455644204540734,0.011300748868740204,0.8131152693425188,0.2586651506938196
86,2024-10-27,Chelsea,Newcastle,0.3753839801626126,-0.3794329039523983,1,0.28804015768861885,0.4063421803767875,0,0.6533463503638076,0.2463404574256362,L,D,W,L,D,D,1.057814059718685,-0.0005455644204540734,0.8610895293287731,-1.125056630192453,1.207179925723653
87,2024-10-27,Crystal Palace,Tottenham,-0.40319020091539864,-1.1904345307208835,1,0.28804015768861885,-0.7429084307898843,1,-1.413315751825729,0.4299408128323698,L,L,L,W,L,W,-0.9178382140552187,1.3307385982247162,-0.8384880315912927,1.643760369143221,-1.6383643993658474
88,2024-10-27,West Ham,Man United,0.3753839801626126,-0.3794329039523983,1,-0.8478928585481879,-0.7429084307898843,0,-0.47392388719412154,0.06274010201890298,L,W,D,W,D,L,-0.6138917103976951,-0.29638648945271406,-1.1217509584113037,-0.8481749302588855,-0.6898496243360138
89,2024-10-27,Arsenal,Liverpool,0.3753839801626126,0.4315687228160868,0,1.4239731739254256,0.4063421803767875,1,1.2169814691427718,1.898743656086238,L,W,W,W,W,W,1.057814059718685,1.7744999857731063,1.4276153829687952,2.474405468943923,-0.45272093057855545
90,2024-11-02,Newcastle,Arsenal,-0.40319020091539864,-1.1904345307208835,1,0.28804015768861885,-0.7429084307898843,1,0.05213555699957866,1.017461950133917,L,L,D,D,L,W,-0.14277462972853358,0.931353349431165,-1.0084457876832995,1.4776313491830806,-1.258958489353914
91,2024-11-02,Bournemouth,Man City,0.3753839801626126,-0.3794329039523983,1,0.28804015768861885,-0.7429084307898843,1,0.05213555699957866,1.8436635494642175,D,W,L,W,W,W,-0.005998703082647927,1.4638670144892334,-0.24363588526926971,1.4776313491830806,-0.8321268405904889
92,2024-11-02,Ipswich,Leicester,-0.40319020091539864,-0.3794329039523983,0,-0.8478928585481879,-0.7429084307898843,0,-1.300588728069936,-0.4697009286606243,L,L,L,L,W,W,-1.51053389618739,-0.5330592294785221,-1.7732556900973289,-1.2634974801592367,-1.0455426649722015
93,2024-11-02,Liverpool,Brighton,0.3753839801626126,-0.3794329039523983,1,-0.8478928585481879,0.4063421803767875,2,1.7430409133364726,0.6869813104017969,D,W,W,D,W,W,1.6353124166679796,0.531968100637614,2.0507938219728192,-0.017529830458183297,1.0886155788449239
94,2024-11-02,Nott'm Forest,West Ham,1.1539581612406238,-1.1904345307208835,1,0.28804015768861885,-0.7429084307898843,1,0.7284976995343363,-0.13922028892850388,W,W,D,W,L,W,0.5411050035008946,-0.3999308132140051,0.011300748868740204,-1.014303950219026,0.2349522813180738
95,2024-11-02,Southampton,Everton,-0.40319020091539864,-1.1904345307208835,1,-0.8478928585481879,-0.7429084307898843,0,-1.8078603349710038,-0.4697009286606243,L,L,L,D,W,D,-1.7840857494791613,-0.7993160620075562,-1.2633824218213092,-0.017529830458183297,-1.6857901381173392
96,2024-11-02,Wolves,Crystal Palace,0.3753839801626126,0.4315687228160868,0,-0.8478928585481879,-0.7429084307898843,0,-1.6387697993373147,-0.9654218882588048,D,L,L,W,L,L,-1.7840857494791613,-0.6661876457430392,-0.7535091535452895,-0.5159168903386047,-0.6187110162087763
97,2024-11-03,Tottenham,Aston Villa,1.9325323423186351,-0.3794329039523983,1,-0.8478928585481879,0.4063421803767875,2,0.22122609263326817,1.017461950133917,L,W,L,D,W,D,1.0882087100844373,0.665096516902131,1.2859839195587897,-0.017529830458183297,0.02153645693636126
98,2024-11-03,Man United,Chelsea,-0.40319020091539864,-0.3794329039523983,0,-0.8478928585481879,-0.7429084307898843,0,-0.11695497863411046,0.8522216302678568,L,W,D,W,L,D,-0.4163264830203048,1.0644817656956822,-0.7535091535452895,0.7300507593624486,-1.0455426649722015
99,2024-11-04,Fulham,Brentford,0.3753839801626126,-0.3794329039523983,1,-0.8478928585481879,0.4063421803767875,2,0.05213555699957866,0.19126035080361634,D,L,L,W,L,W,-0.005998703082647927,-0.0005455644204540734,0.7761106512827698,0.7300507593624486,0.02153645693636126
100,2024-11-09,Brentford,Bournemouth,1.1539581612406238,0.4315687228160868,1,0.28804015768861885,0.4063421803767875,0,0.02139182324799896,0.29641328162747255,L,W,L,W,D,W,-0.1303404545789076,0.12048026854728867,0.9383430548251398,-0.017529830458183297,-0.5605067004683093
101,2024-11-09,Crystal Palace,Fulham,-1.1817643819934098,0.4315687228160868,2,-0.8478928585481879,0.4063421803767875,2,-0.9009201892993977,0.29641328162747255,D,W,L,W,D,L,-0.6277074605639462,0.12048026854728867,-0.45222040410945963,0.4355493148876543,-0.5605067004683093
102,2024-11-09,West Ham,Everton,-1.1817643819934098,-1.1904345307208835,0,-0.8478928585481879,-0.7429084307898843,0,-0.28604551426779995,-0.6048975540055825,L,W,L,L,D,W,-0.7520492120602058,-0.8477263951946533,-1.1475021335767592,-0.017529830458183297,-0.1724779288651956
103,2024-11-09,Wolves,Southampton,0.3753839801626126,-1.1904345307208835,1,0.28804015768861885,-0.7429084307898843,1,-1.5157948643309953,-1.3559899170331287,D,D,L,W,L,L,-1.6224414725340237,-1.4528555600333668,-0.6839809805985595,-1.1502276938227771,-0.1724779288651956
104,2024-11-09,Brighton,Man City,0.3753839801626126,-0.3794329039523983,1,-0.8478928585481879,0.4063421803767875,2,0.48254782952169717,1.4981610624715465,L,D,W,L,W,W,0.367026551406131,1.2097127652569732,0.24306132535784009,1.1151680329064104,-0.5605067004683093
105,2024-11-09,Liverpool,Aston Villa,0.3753839801626126,-1.1904345307208835,1,0.28804015768861885,-0.7429084307898843,1,1.866015848342792,0.7470686994440006,W,D,W,L,D,W,1.6104440663687276,0.24150610151503143,1.6336247842924394,0.20900974221473548,1.3796371575472592
106,2024-11-10,Man United,Leicester,1.1539581612406238,-1.1904345307208835,1,1.4239731739254256,-0.7429084307898843,1,-0.13232684550990068,-0.45467908140007346,D,L,W,D,L,W,-0.3790239575714269,-0.48464889629142505,-0.6839809805985595,-1.1502276938227771,-0.3664923146667525
107,2024-11-10,Nott'm Forest,Newcastle,-0.40319020091539864,1.242570349584572,2,0.28804015768861885,-0.7429084307898843,1,0.9437038357953953,0.29641328162747255,W,W,W,W,L,L,0.8643935573911697,-0.0005455644204540734,0.24306132535784009,-0.6971485484769396,0.9916083859441456
108,2024-11-10,Tottenham,Ipswich,-0.40319020091539864,0.4315687228160868,2,-0.8478928585481879,1.5555927915434595,2,0.48254782952169717,-1.2057714444276195,W,L,W,D,L,L,1.3617605633762084,-1.3318297270656243,0.9383430548251398,-1.6033068391686147,1.3796371575472592
109,2024-11-10,Chelsea,Arsenal,-0.40319020091539864,-0.3794329039523983,0,-0.8478928585481879,-0.7429084307898843,0,0.7899851670374961,0.7470686994440006,D,W,L,L,D,L,0.9887353088874294,0.7256094333860023,0.7065824783360398,1.1151680329064104,0.2155508427379181
110,2024-11-23,Leicester,Chelsea,-0.40319020091539864,0.4315687228160868,2,-0.8478928585481879,0.4063421803767875,2,-0.5678630736572822,0.6594412570907866,L,D,L,D,D,W,-0.8038582751836474,0.886977210676326,-1.4758296169363176,0.6054539943923434,0.19938297725445503
111,2024-11-23,Arsenal,Nott'm Forest,1.1539581612406238,-1.1904345307208835,1,0.28804015768861885,-0.7429084307898843,1,0.7003159435953877,0.6594412570907866,D,L,D,L,W,W,0.6778809301467802,0.5541561700150336,1.0735367244437815,0.3977927194421678,-0.8676961446541077
112,2024-11-23,Aston Villa,Crystal Palace,0.3753839801626126,0.4315687228160868,0,0.28804015768861885,1.5555927915434595,2,0.5594071639006468,-0.9929619415698148,L,L,D,L,D,W,-0.005998703082647927,-0.7771279926301368,0.011300748868740204,-0.64051365530871,0.19938297725445503
113,2024-11-23,Bournemouth,Brighton,-0.40319020091539864,0.4315687228160868,2,-0.8478928585481879,0.4063421803767875,2,0.1366808248164234,0.6594412570907866,L,W,D,W,L,D,-0.005998703082647927,0.443215823127936,0.011300748868740204,-0.017529830458183297,-0.51200310401792
114,2024-11-23,Everton,Brentford,-1.1817643819934098,-1.1904345307208835,0,-0.8478928585481879,-0.7429084307898843,0,-0.5678630736572822,0.2463404574256362,D,L,D,W,L,W,-0.8038582751836474,-0.0005455644204540734,0.011300748868740204,0.8131152693425188,-0.51200310401792
115,2024-11-23,Fulham,Wolves,-0.40319020091539864,2.0535719763530573,2,0.28804015768861885,0.4063421803767875,0,0.5594071639006468,-1.130662208124865,W,W,D,W,D,D,0.3359411135320661,-1.2208893801785268,0.6486423342137649,-0.43285238035853435,0.3772294975725488
116,2024-11-23,Man City,Tottenham,-1.1817643819934098,2.0535719763530573,2,-0.8478928585481879,1.5555927915434595,2,1.2639510623743526,0.2463404574256362,L,L,W,L,W,L,1.0198207467614944,1.1088579044505211,1.2859839195587897,0.3977927194421678,0.5550760178906426
117,2024-11-24,Southampton,Liverpool,0.3753839801626126,1.242570349584572,2,0.28804015768861885,0.4063421803767875,0,-1.413315751825729,1.898743656086238,L,W,L,W,W,D,-1.6017178472846472,1.6635596388860088,-1.2633824218213092,1.643760369143221,-1.7569287462445768
118,2024-11-24,Ipswich,Man United,-0.40319020091539864,-0.3794329039523983,0,0.28804015768861885,0.4063421803767875,0,-0.8496806330467646,0.1086401908705862,W,D,L,W,D,L,-1.1457980917983615,-0.0005455644204540734,-1.050935226706301,-0.22519110540835885,-0.6898496243360138
119,2024-11-25,Newcastle,West Ham,-1.1817643819934098,0.4315687228160868,2,-0.8478928585481879,0.4063421803767875,2,0.5594071639006468,-0.30446060879456416,W,W,L,D,L,W,0.22196117466049475,-0.6661876457430392,-0.8384880315912927,-1.055836205209061,0.02153645693636126
120,2024-11-29,Brighton,Southampton,-0.40319020091539864,-0.3794329039523983,0,0.28804015768861885,-0.7429084307898843,1,0.8845812708885109,-1.4484320540211344,W,W,L,L,L,W,0.5200625532476815,-1.536642675164881,0.2074058520518247,-1.1676538147976172,1.1706985882225056
121,2024-11-30,Brentford,Leicester,1.9325323423186351,-0.3794329039523983,1,2.5599061901622324,0.4063421803767875,1,0.23423305691278268,-0.6857844238700875,D,W,L,L,L,D,-0.005998703082647927,-0.819797356817482,0.7957211616010783,-1.5510284762440951,0.5140345132018518
122,2024-11-30,Crystal Palace,Newcastle,-0.40319020091539864,-0.3794329039523983,0,-0.8478928585481879,-0.7429084307898843,0,-0.9363937282435282,0.3310790829979748,D,L,D,L,W,W,-0.7424844619451089,-0.0005455644204540734,-0.3809094574974289,-0.9759664840743782,-0.14262956181880226
123,2024-11-30,Nott'm Forest,Ipswich,-0.40319020091539864,-1.1904345307208835,1,-0.8478928585481879,-0.7429084307898843,0,0.4943723425030738,-0.8128923622285954,L,L,W,D,W,D,0.2044257994494838,-1.024610304916739,0.2074058520518247,-0.9759664840743782,0.6782005319570152
124,2024-11-30,Wolves,Bournemouth,0.3753839801626126,2.0535719763530573,2,0.28804015768861885,2.7048434027101314,2,-0.8063240854483826,-0.05024473207754873,W,W,D,L,L,W,-0.8476967132111748,-0.10295203847008257,-0.3809094574974289,-0.20921716118142228,0.18570247569152476
125,2024-11-30,West Ham,Arsenal,0.3753839801626126,2.8645736031215425,2,1.4239731739254256,5.003344625043475,2,-0.025906228677508823,0.8395108364320061,W,D,L,W,D,L,-0.4268477081469114,0.9211127020262021,-0.773119663863598,1.1325941538812505,0.34986849444668827
126,2024-12-01,Chelsea,Aston Villa,1.1539581612406238,-1.1904345307208835,1,1.4239731739254256,-0.7429084307898843,1,0.8845812708885109,0.45818702135648254,W,D,D,D,L,L,0.940911558311945,-0.0005455644204540734,0.7957211616010783,-0.20921716118142228,0.5140345132018518
127,2024-12-01,Man United,Everton,1.9325323423186351,-1.1904345307208835,1,1.4239731739254256,-0.7429084307898843,1,0.10416341411763712,-0.5586764855115798,D,W,D,D,D,L,-0.005998703082647927,-0.7173908827678535,-0.18480435431434436,-0.017529830458183297,0.34986849444668827
128,2024-12-01,Tottenham,Fulham,-0.40319020091539864,-0.3794329039523983,0,-0.8478928585481879,-0.7429084307898843,0,0.4943723425030738,0.3310790829979748,W,L,W,L,W,W,1.466972814642274,-0.0005455644204540734,0.7957211616010783,0.5575321617115336,0.34986849444668827
129,2024-12-01,Liverpool,Man City,0.3753839801626126,-1.1904345307208835,1,0.28804015768861885,-0.7429084307898843,1,2.0552080560448216,0.9666187747905138,W,W,W,L,L,L,1.6773973171744059,0.5114868058276884,1.5801415743334164,0.7492194924347726,1.1706985882225056
130,2024-12-03,Ipswich,Crystal Palace,-1.1817643819934098,-0.3794329039523983,2,-0.8478928585481879,-0.7429084307898843,0,-0.889940284388119,-0.8946046083162075,L,D,W,D,D,L,-1.0806666981574635,-0.6661876457430392,-0.8991872301955809,-0.37352058751562706,-0.13090341762200483
131,2024-12-03,Leicester,West Ham,1.1539581612406238,-0.3794329039523983,1,0.28804015768861885,-0.7429084307898843,1,-0.7691613303640552,-0.18643180889023556,L,L,L,L,W,D,-1.0806666981574635,-0.6661876457430392,-1.8096752092599018,-1.2634974801592367,-0.8931027904138353
132,2024-12-04,Everton,Wolves,1.9325323423186351,-1.1904345307208835,1,1.4239731739254256,-0.7429084307898843,1,-0.6483823763399914,-0.8946046083162075,L,D,D,L,W,W,-1.0806666981574635,-0.9514628234527186,-0.3528944427569882,-0.7295113445730709,-0.7406629158554693
133,2024-12-04,Man City,Nott'm Forest,1.1539581612406238,-1.1904345307208835,1,1.4239731739254256,-0.7429084307898843,1,0.8009650719487743,0.6397697904400652,L,L,L,W,L,L,0.2870925683013927,0.28472961328922525,0.5575935363073328,0.1604655480705386,-0.8931027904138353
134,2024-12-04,Newcastle,Liverpool,1.1539581612406238,1.242570349584572,0,0.28804015768861885,-0.7429084307898843,1,0.3178492558525193,2.056115389292009,D,L,W,W,W,W,-0.005998703082647927,1.7111055018376222,-0.8991872301955809,1.5844285763003139,-0.8931027904138353
135,2024-12-04,Southampton,Chelsea,-0.40319020091539864,2.8645736031215425,2,0.28804015768861885,2.7048434027101314,2,-1.3730561004843742,0.9938561901530515,D,L,L,W,W,D,-1.471455060002851,1.140555146418263,-1.2633824218213092,1.050442440714148,-1.0455426649722015
136,2024-12-04,Arsenal,Man United,0.3753839801626126,-1.1904345307208835,1,-0.8478928585481879,-0.7429084307898843,0,1.0425229799969022,0.2856833907270793,W,W,D,W,D,W,1.1663663824535146,0.3798213391924517,1.650179111184518,0.1604655480705386,0.02153645693636126
137,2024-12-04,Aston Villa,Brentford,1.1539581612406238,-0.3794329039523983,1,2.5599061901622324,-0.7429084307898843,1,0.3178492558525193,0.40371219063140795,L,D,L,W,D,W,-0.29908997446668856,0.28472961328922525,-0.5349920385698524,1.050442440714148,-1.1979825395305677
138,2024-12-05,Fulham,Brighton,1.1539581612406238,-0.3794329039523983,1,0.28804015768861885,-0.7429084307898843,1,0.3178492558525193,0.7577985903443938,D,L,W,D,W,W,-0.005998703082647927,0.47491306509567816,0.5575935363073328,0.3384609265992605,0.02153645693636126
139,2024-12-05,Bournemouth,Tottenham,-0.40319020091539864,-1.1904345307208835,1,0.28804015768861885,-0.7429084307898843,1,0.19707030182845547,0.40371219063140795,W,L,L,D,W,L,0.09169838737869894,1.3307385982247162,0.19339834468160438,0.6944516836567042,0.02153645693636126
140,2024-12-07,Aston Villa,Southampton,-0.40319020091539864,-1.1904345307208835,1,0.28804015768861885,-0.7429084307898843,1,0.5030436520227501,-1.4060627412349653,W,L,D,L,D,L,-0.09718265417990501,-1.6868388371043361,0.011300748868740204,-1.5126910100994473,0.02153645693636126
141,2024-12-07,Brentford,Newcastle,1.9325323423186351,0.4315687228160868,1,1.4239731739254256,1.5555927915434595,0,0.27758960451116443,0.2463404574256362,L,W,D,D,D,L,0.08518524801460917,-0.0005455644204540734,0.52117401714476,-0.6820459102987451,-0.12074075931811377
142,2024-12-07,Crystal Palace,Man City,0.3753839801626126,0.4315687228160868,0,0.28804015768861885,0.4063421803767875,0,-0.6242265855351786,0.907301736889877,W,D,D,W,L,L,-0.5531024096661905,0.531968100637614,-0.328614763315273,0.8131152693425188,0.4483681056997864
143,2024-12-07,Man United,Nott'm Forest,0.3753839801626126,1.242570349584572,2,0.28804015768861885,0.4063421803767875,0,0.16486258075537155,0.46666088391371635,L,W,D,L,W,L,0.17636919911186624,-0.0005455644204540734,0.18125850496074677,-0.18365885041832375,0.3060908894453113
144,2024-12-08,Fulham,Arsenal,-0.40319020091539864,-0.3794329039523983,0,0.28804015768861885,-0.7429084307898843,1,0.5030436520227501,1.127622163377957,W,D,L,W,W,W,0.17636919911186624,1.2419863207150381,0.6911317732367666,1.4776313491830806,0.02153645693636126
145,2024-12-08,Ipswich,Bournemouth,-0.40319020091539864,0.4315687228160868,2,0.28804015768861885,-0.7429084307898843,1,-0.9624076568025574,0.3565006706696763,L,L,D,W,W,L,-1.100206116249733,0.17695899059890197,-0.8384880315912927,0.3147282094620976,-0.5475724080815388
146,2024-12-08,Leicester,Brighton,0.3753839801626126,0.4315687228160868,0,-0.8478928585481879,0.4063421803767875,2,-0.5114995617793857,0.5768210971577568,W,L,L,L,D,W,-0.8266542629579616,0.26571126810858,-1.5183190559593192,0.14859918950195714,-0.4052951918270638
147,2024-12-08,Tottenham,Chelsea,1.1539581612406238,2.0535719763530573,2,1.4239731739254256,0.4063421803767875,1,0.27758960451116443,1.127622163377957,L,D,W,W,W,W,1.1793926611816943,1.4194908757343943,0.52117401714476,1.3115023292229402,-0.5475724080815388
148,2024-12-09,West Ham,Wolves,0.3753839801626126,-0.3794329039523983,1,-0.8478928585481879,-0.7429084307898843,0,-0.28604551426779995,-0.9654218882588048,L,L,W,L,L,W,-0.8266542629579616,-1.2430774495559465,-1.3483612998673125,-1.014303950219026,-0.4052951918270638
149,2024-12-14,Arsenal,Everton,-1.1817643819934098,-1.1904345307208835,0,-0.8478928585481879,-0.7429084307898843,0,1.1794057945575078,-0.41462082203860423,W,W,W,W,L,D,1.2705766122789512,-0.6218115069882002,1.5409205536967994,-0.017529830458183297,0.7329225382087364
150,2024-12-14,Liverpool,Fulham,0.3753839801626126,0.4315687228160868,0,-0.8478928585481879,0.4063421803767875,2,1.827586181153317,0.418465790619449,D,D,W,D,W,D,1.5327304716835652,0.1658649559101922,1.1266485232225334,0.7611999506049749,0.4216911276520723
151,2024-12-14,Newcastle,Leicester,1.9325323423186351,-1.1904345307208835,1,0.28804015768861885,-0.7429084307898843,1,0.1366808248164234,-0.5110110086271393,L,D,D,D,W,L,-0.17696861139000497,-0.7493929059083624,-0.6260408364762845,-1.5749893925845,0.15492134717493158
152,2024-12-14,Wolves,Ipswich,-0.40319020091539864,0.4315687228160868,2,-0.8478928585481879,0.4063421803767875,2,-1.025816607665191,-1.0273870082085774,L,L,L,L,L,L,-1.2882730153878257,-1.082213946569655,-0.9447116291487969,-0.64051365530871,0.288306237413502
153,2024-12-14,Nott'm Forest,Aston Villa,0.3753839801626126,-0.3794329039523983,1,-0.8478928585481879,-0.7429084307898843,0,0.6650887486717026,0.6250161904520242,W,L,W,W,W,L,0.07948625107103059,-0.0005455644204540734,-0.14803464746751596,0.13821612575444836,-0.11184843330220909
154,2024-12-15,Brighton,Crystal Palace,-0.40319020091539864,1.242570349584572,2,-0.8478928585481879,1.5555927915434595,2,0.5594071639006468,-0.614286208543427,D,L,D,D,W,D,0.2504561593783876,-0.4997771254123929,0.3299715415412525,-0.3290217428834466,0.288306237413502
155,2024-12-15,Man City,Man United,-0.40319020091539864,0.4315687228160868,2,0.28804015768861885,-0.7429084307898843,1,0.8764519182138143,0.0053649909542986055,D,W,L,L,L,W,0.5069110218394232,0.08265969574486906,0.8079777305500211,0.13821612575444836,-0.37861821377934973
156,2024-12-15,Chelsea,Brentford,0.3753839801626126,-0.3794329039523983,1,0.28804015768861885,-0.7429084307898843,1,1.2991782572980377,0.418465790619449,W,W,W,W,L,W,1.4472455175298868,0.24907021607551535,1.1266485232225334,0.4497080381797117,0.4216911276520723
157,2024-12-15,Southampton,Tottenham,-1.1817643819934098,2.8645736031215425,2,-0.8478928585481879,5.003344625043475,2,-1.4485429467494142,0.1086401908705862,L,L,D,L,L,D,-1.7156977861562184,0.9979175575634235,-1.5820532144938215,0.6054539943923434,-0.37861821377934973
158,2024-12-16,Bournemouth,West Ham,-0.40319020091539864,-0.3794329039523983,0,-0.8478928585481879,-0.7429084307898843,0,0.5594071639006468,-0.09791020896198899,W,W,W,W,L,L,0.2504561593783876,-0.6661876457430392,0.17063614520499637,-1.2634974801592367,0.288306237413502
159,2024-12-21,Aston Villa,Man City,0.3753839801626126,-0.3794329039523983,1,0.28804015768861885,-0.7429084307898843,1,0.6650887486717026,0.8315665902845993,W,W,L,D,W,L,-0.005998703082647927,0.49868599657148477,0.17063614520499637,0.7611999506049749,0.4216911276520723
160,2024-12-21,Brentford,Nott'm Forest,-1.1817643819934098,0.4315687228160868,2,-0.8478928585481879,0.4063421803767875,2,0.31074461149816257,0.7647414609270013,L,W,L,W,W,L,0.15491415179486456,0.15607610177309536,0.31122620079581065,-0.16411425983477781,-0.22954098351271232
161,2024-12-21,Ipswich,Newcastle,-1.1817643819934098,2.0535719763530573,2,-0.8478928585481879,2.7048434027101314,2,-0.7833706190727685,0.27874052014447176,W,L,L,W,L,D,-0.971475832347723,0.15607610177309536,-0.43858742902186554,-0.45728311858796683,-0.10400226328817554
162,2024-12-21,West Ham,Brighton,-0.40319020091539864,-0.3794329039523983,0,-0.8478928585481879,-0.7429084307898843,0,-0.08711547234581245,0.37594070830097776,D,W,L,L,D,L,-0.6496501225926979,0.07776526867632064,-1.1884010588395415,-0.017529830458183297,0.27261389738543484
163,2024-12-21,Crystal Palace,Arsenal,-0.40319020091539864,2.8645736031215425,2,0.28804015768861885,2.7048434027101314,2,-0.3855105352287937,0.9591418372400133,W,D,W,D,D,W,-0.32782441283767294,1.0958060989343918,0.011300748868740204,1.1551456045545727,-0.22954098351271232
164,2024-12-22,Everton,Chelsea,-1.1817643819934098,-1.1904345307208835,0,-0.8478928585481879,-0.7429084307898843,0,-0.3855105352287937,1.3479425898660373,D,D,W,W,W,W,-0.5691936951539417,1.409049431321491,0.011300748868740204,1.1551456045545727,-1.10831202508447
165,2024-12-22,Fulham,Southampton,-1.1817643819934098,-1.1904345307208835,0,-0.8478928585481879,-0.7429084307898843,0,0.4102096324591563,-1.4708628666726358,D,D,W,L,L,L,0.15491415179486456,-1.958316391839822,0.9110771046499516,-2.216296271107101,0.6492300580590452
166,2024-12-22,Leicester,Wolves,-1.1817643819934098,1.242570349584572,2,-0.8478928585481879,2.7048434027101314,2,-0.5844405771507812,-1.082062114046612,L,D,W,L,L,L,-1.051932259786479,-1.2535188939688495,-1.6382892367301474,-1.0436208360943449,0.14707517716089805
167,2024-12-22,Man United,Bournemouth,-1.1817643819934098,1.242570349584572,2,-0.8478928585481879,0.4063421803767875,2,0.21127959053716883,0.47314089645748375,W,L,L,D,W,W,0.15491415179486456,0.2343869348698701,0.011300748868740204,0.1290545989184112,-0.3550797037372491
168,2024-12-22,Tottenham,Liverpool,1.1539581612406238,3.6755752298900277,2,0.28804015768861885,2.7048434027101314,2,0.31074461149816257,1.833943530648567,W,L,L,W,D,D,1.3617605633762084,1.643981930611815,1.3609652825405572,1.3017300339311673,-0.4806184239617859
169,2024-12-26,Man City,Everton,-0.40319020091539864,-0.3794329039523983,0,0.28804015768861885,0.4063421803767875,0,0.7086046953421372,-0.40166079695107015,L,D,W,D,D,W,0.3962834341111333,-0.5487213960978771,0.9110771046499516,-0.017529830458183297,-0.22954098351271232
170,2024-12-26,Bournemouth,Crystal Palace,-1.1817643819934098,-1.1904345307208835,0,-0.8478928585481879,-0.7429084307898843,0,0.6533463503638076,-0.48806096420129774,W,D,W,L,W,D,0.44992105240363744,-0.5922274144849741,0.29456367568875114,-0.29441153039175066,0.6143581913300072
171,2024-12-26,Chelsea,Fulham,-0.40319020091539864,0.4315687228160868,2,0.28804015768861885,-0.7429084307898843,1,1.3109206556059327,0.338140635129003,D,W,W,D,D,D,1.3617605633762084,0.14737489809567594,1.1443524561487841,0.8131152693425188,0.7329225382087364
172,2024-12-26,Newcastle,Aston Villa,1.1539581612406238,-1.1904345307208835,1,0.28804015768861885,-0.7429084307898843,1,0.46546797743748597,0.6135411682391033,W,W,L,W,L,W,0.44992105240363744,-0.0005455644204540734,0.011300748868740204,0.2593518694753841,-0.09702788994236794
173,2024-12-26,Nott'm Forest,Tottenham,-0.40319020091539864,-1.1904345307208835,1,0.28804015768861885,-0.7429084307898843,1,0.9351639097532899,0.1545402797222694,W,W,W,L,W,L,0.2979478005748757,1.034897673192456,0.011300748868740204,0.9515561193093025,0.9700512319661948
174,2024-12-26,Southampton,West Ham,-1.1817643819934098,-0.3794329039523983,2,-0.8478928585481879,-0.7429084307898843,0,-1.413315751825729,-0.12086025338783059,D,L,L,D,D,W,-1.9056643509421705,-0.5922274144849741,-2.1131712022813423,-1.125056630192453,-0.33415658369982626
175,2024-12-26,Wolves,Man United,0.3753839801626126,-1.1904345307208835,1,-0.8478928585481879,-0.7429084307898843,0,-0.8496806330467646,0.06274010201890298,W,L,L,L,W,L,-0.9938248399695996,-0.07450579567851909,-0.5552251047712817,-0.155970680424967,-0.33415658369982626
176,2024-12-26,Liverpool,Leicester,1.1539581612406238,-0.3794329039523983,1,0.28804015768861885,0.4063421803767875,0,1.9684949608480582,-0.6716613196080311,W,W,D,L,L,D,1.7416936929481126,-1.1839092645494942,1.2859839195587897,-1.9557017299931552,0.8514868850874656
177,2024-12-27,Brighton,Brentford,-1.1817643819934098,-1.1904345307208835,0,-0.8478928585481879,-0.7429084307898843,0,0.37152879097432523,0.1545402797222694,D,L,D,L,L,W,0.06998792283173298,-0.0005455644204540734,0.011300748868740204,0.12091101950860039,-0.33415658369982626
178,2024-12-27,Arsenal,Ipswich,-0.40319020091539864,-1.1904345307208835,1,0.28804015768861885,-0.7429084307898843,1,1.1230422826796111,-0.8552616750147647,W,D,D,L,W,L,1.3617605633762084,-1.1839092645494942,1.4276153829687952,-0.8481749302588855,0.9700512319661948
179,2024-12-29,Leicester,Man City,-1.1817643819934098,0.4315687228160868,2,-0.8478928585481879,0.4063421803767875,2,-0.661802260120443,0.5217409905357365,L,L,D,L,L,D,-1.2217847177127423,0.295295360611806,-1.9715397388713367,0.6746744193757351,0.02153645693636126
180,2024-12-29,Crystal Palace,Southampton,0.3753839801626126,-0.3794329039523983,1,0.28804015768861885,0.4063421803767875,0,-0.4640355517769466,-1.4350522710360283,D,L,W,L,D,L,-0.58189734159164,-1.822302839619108,-0.25705360285548073,-1.9848471720914254,0.8078052836058285
181,2024-12-29,Everton,Nott'm Forest,-1.1817643819934098,0.4315687228160868,2,-0.8478928585481879,0.4063421803767875,2,-0.4640355517769466,1.0000682322532792,L,D,D,W,W,W,-0.6538846714052641,0.34979237311774863,-0.12287642699337026,0.11362465898403283,-0.6524082516374677
182,2024-12-29,Fulham,Bournemouth,0.3753839801626126,0.4315687228160868,0,0.28804015768861885,-0.7429084307898843,1,0.51490965452336,0.5652252852373315,W,D,D,D,W,D,0.2099632863582241,0.41985996062538916,0.6821866281792924,0.24477914842624895,-0.2031117792549151
183,2024-12-29,Tottenham,Wolves,0.3753839801626126,0.4315687228160868,0,1.4239731739254256,0.4063421803767875,1,0.06993456075049338,-0.6523349664073224,L,L,W,W,W,L,0.9298365844944644,-0.7712890270045001,0.816363804041403,-0.5421477882270478,-0.3154358973505532
184,2024-12-29,West Ham,Liverpool,-1.1817643819934098,2.8645736031215425,2,-0.8478928585481879,2.7048434027101314,2,0.06993456075049338,1.956722715688364,W,D,D,W,W,W,-0.509910011778016,1.961346885793481,-1.0621166580281434,1.5563240428484102,-0.3154358973505532
185,2024-12-30,Aston Villa,Brighton,0.3753839801626126,0.4315687228160868,0,0.28804015768861885,0.4063421803767875,0,0.51490965452336,0.3043195170277628,L,W,L,D,D,L,-0.22196069252351996,0.06952202308718645,0.14547792473085067,-0.017529830458183297,0.6954811655101903
186,2024-12-30,Ipswich,Chelsea,0.3753839801626126,-1.1904345307208835,1,0.28804015768861885,-0.7429084307898843,1,-0.9090106455498134,1.0870368216564685,L,L,W,L,D,W,-1.229783309914256,1.1906034232094351,-0.9279394821660331,1.1628605745217617,-0.764732369733106
187,2024-12-30,Man United,Newcastle,-1.1817643819934098,0.4315687228160868,2,-0.8478928585481879,1.5555927915434595,2,-0.019060458004079853,0.5652252852373315,L,L,W,W,W,W,-0.22196069252351996,0.6300627231483108,-0.12287642699337026,0.11362465898403283,-0.764732369733106
188,2025-01-01,Brentford,Arsenal,-0.40319020091539864,1.242570349584572,2,0.28804015768861885,0.4063421803767875,0,0.15892957950506664,1.174005411059658,D,L,L,W,W,D,-0.005998703082647927,1.3307385982247162,0.14547792473085067,1.4251695534061941,-0.764732369733106
189,2025-01-04,Tottenham,Newcastle,-0.40319020091539864,0.4315687228160868,2,0.28804015768861885,1.5555927915434595,2,0.06993456075049338,0.5652252852373315,L,L,W,W,W,W,0.9298365844944644,0.6300627231483108,0.816363804041403,0.11362465898403283,-0.764732369733106
190,2025-01-04,Aston Villa,Leicester,0.3753839801626126,-0.3794329039523983,1,-0.8478928585481879,-0.7429084307898843,0,0.474861896083802,-0.8001815683927447,D,L,W,L,L,L,-0.21116259305147636,-1.3318297270656243,0.13876906593774516,-1.8864813050097633,0.6617839300814989
191,2025-01-04,Bournemouth,Everton,-0.40319020091539864,-1.1904345307208835,1,-0.8478928585481879,-0.7429084307898843,0,0.5594071639006468,-0.5523210885936545,D,D,W,L,L,D,0.4043290768550089,-0.6661876457430392,0.13876906593774516,-0.14212659542828862,0.6617839300814989
192,2025-01-04,Crystal Palace,Chelsea,-0.40319020091539864,-0.3794329039523983,0,-0.8478928585481879,0.4063421803767875,2,-0.28604551426779995,0.934841790200887,W,D,L,L,L,D,-0.4847144463432476,0.9979175575634235,-0.24363588526926971,0.9792442893026594,0.12824436912721754
193,2025-01-04,Man City,West Ham,1.9325323423186351,-0.3794329039523983,1,1.4239731739254256,-0.7429084307898843,1,0.6439524317174915,-0.0566001289954741,W,D,L,L,W,D,0.4043290768550089,-0.7993160620075562,0.7761106512827698,-1.388094245129342,-0.2985872796362075
194,2025-01-04,Southampton,Brentford,-1.1817643819934098,2.8645736031215425,2,-0.8478928585481879,0.4063421803767875,2,-1.4696792637036253,0.02602003093755605,L,L,D,L,D,L,-1.852473712802104,-0.1336739806849711,-1.900724007166334,0.10706693451192205,-0.2985872796362075
195,2025-01-04,Brighton,Arsenal,-0.40319020091539864,-0.3794329039523983,0,-0.8478928585481879,0.4063421803767875,2,0.30577136045011294,1.2653224299330073,D,D,D,W,W,W,0.0623892602402949,1.3973028063569748,0.011300748868740204,1.3530345842129754,-0.7254189283996326
196,2025-01-05,Fulham,Ipswich,0.3753839801626126,0.4315687228160868,0,-0.8478928585481879,0.4063421803767875,2,0.474861896083802,-0.7175614084597145,D,W,D,W,L,L,0.1991651868861805,-0.9990086864043318,0.7761106512827698,-0.7651104202788153,0.12824436912721754
197,2025-01-05,Liverpool,Man United,0.3753839801626126,0.4315687228160868,0,-0.8478928585481879,-0.7429084307898843,0,1.9121314489701613,-0.13922028892850388,D,W,W,L,L,L,1.9088642699597507,-0.3333666050817466,1.5409205536967994,-0.39132012536849925,0.8751997544632115
198,2025-01-06,Wolves,Nott'm Forest,-1.1817643819934098,1.242570349584572,2,-0.8478928585481879,1.5555927915434595,2,-0.6242265855351786,1.1000821100669473,D,W,W,W,W,W,-0.7582662996350189,0.46540389250535547,-0.6260408364762845,0.23166369948202736,-0.8321268405904889
199,2025-01-14,Brentford,Man City,0.3753839801626126,0.4315687228160868,0,-0.8478928585481879,-0.7429084307898843,0,0.05213555699957866,0.6043611504687667,L,D,L,W,D,L,-0.14277462972853358,0.39883968437309697,0.13876906593774516,0.7300507593624486,-0.08517145525449503
200,2025-01-14,Chelsea,Bournemouth,0.3753839801626126,0.4315687228160868,0,0.28804015768861885,-0.7429084307898843,1,0.9217440259728381,0.6397697904400652,D,L,L,W,D,D,0.970972201530821,0.443215823127936,1.1038863237459253,0.1011337552276313,-0.3849698752192816
201,2025-01-14,West Ham,Fulham,1.1539581612406238,0.4315687228160868,1,1.4239731739254256,-0.7429084307898843,1,-0.12500690890238136,0.40371219063140795,L,L,W,D,D,W,-0.9829696076961166,0.18963788738599882,-1.5668784148427497,0.5757880979708897,-0.1817167091414602
202,2025-01-14,Nott'm Forest,Liverpool,-0.40319020091539864,-0.3794329039523983,0,0.28804015768861885,-0.7429084307898843,1,1.243821236703675,1.7413719228804663,W,W,W,D,D,W,0.6453152333263312,1.7744999857731063,0.4968943377030447,1.2877696120857773,0.4280427890920042
203,2025-01-15,Everton,Aston Villa,-1.1817643819934098,-0.3794329039523983,2,-0.8478928585481879,-0.7429084307898843,0,-0.6081227249986368,0.5610839238371793,L,L,L,W,D,L,-0.722444033132525,-0.12733453229142266,-0.11009764833983592,0.1011337552276313,-0.48659645825819237
204,2025-01-15,Leicester,Crystal Palace,-1.1817643819934098,0.4315687228160868,2,-0.8478928585481879,-0.7429084307898843,0,-0.8496806330467646,-0.30446060879456416,L,L,L,D,W,D,-1.3737579695415043,-0.4443069519688441,-1.8096752092599018,-0.37352058751562706,-0.7914762073749245
205,2025-01-15,Newcastle,Wolves,1.1539581612406238,-1.1904345307208835,1,0.28804015768861885,-0.7429084307898843,1,0.8412247232901292,-0.6978899418089932,W,W,W,L,D,W,0.7755780206081271,-0.8880683395172342,0.4968943377030447,-0.8481749302588855,0.8345491212476471
206,2025-01-15,Arsenal,Tottenham,0.3753839801626126,-0.3794329039523983,1,1.4239731739254256,0.4063421803767875,1,1.243821236703675,-0.06840300898590693,D,W,W,L,D,L,1.3617605633762084,0.7601882428053574,1.4680815153716538,0.6944516836567042,0.7329225382087364
207,2025-01-16,Ipswich,Brighton,-1.1817643819934098,0.4315687228160868,2,-0.8478928585481879,-0.7429084307898843,0,-0.6886420276813461,0.2463404574256362,D,W,L,D,D,D,-0.9829696076961166,0.06284891951503022,-0.5956912371741404,-0.13619341614399788,0.32641620605309346
208,2025-01-16,Man United,Southampton,1.1539581612406238,-0.3794329039523983,1,-0.8478928585481879,0.4063421803767875,2,-0.12500690890238136,-1.484748607837851,D,L,L,L,L,L,-0.3316556712871375,-2.0291690503559514,-0.3528944427569882,-1.9161472014312169,0.32641620605309346
209,2025-01-18,Newcastle,Bournemouth,-0.40319020091539864,2.0535719763530573,2,0.28804015768861885,1.5555927915434595,2,0.8412247232901292,0.6397697904400652,W,W,W,W,D,D,0.7755780206081271,0.443215823127936,0.4968943377030447,0.1011337552276313,0.6312959551698256
210,2025-01-18,Brentford,Liverpool,-1.1817643819934098,0.4315687228160868,2,-0.8478928585481879,-0.7429084307898843,0,0.17511049200589823,1.7985980076825654,D,W,L,W,D,D,0.18051392416174156,1.814841930095687,0.24306132535784009,1.22843781924287,-0.5605067004683093
211,2025-01-18,Leicester,Fulham,-1.1817643819934098,0.4315687228160868,2,-0.8478928585481879,-0.7429084307898843,0,-0.9009201892993977,0.29641328162747255,L,L,L,L,D,D,-1.4359288452896342,0.12048026854728867,-1.726903574799509,0.32227952855119485,-0.5605067004683093
212,2025-01-18,West Ham,Crystal Palace,-1.1817643819934098,0.4315687228160868,2,-0.8478928585481879,-0.7429084307898843,0,0.02139182324799896,-0.15424213618905508,W,L,L,W,D,W,-0.8763909635564655,-0.3031101468398109,-1.2633824218213092,-0.35733918946756144,-0.07547073596441718
213,2025-01-18,Arsenal,Aston Villa,0.3753839801626126,0.4315687228160868,0,0.28804015768861885,-0.7429084307898843,1,1.328000507690144,0.6719594631412457,W,D,W,W,W,D,1.3617605633762084,-0.06105848090432545,1.5177444960478896,0.0957399558782761,0.31255803563869655
214,2025-01-19,Everton,Tottenham,1.1539581612406238,0.4315687228160868,1,2.5599061901622324,-0.7429084307898843,1,-0.4397641830256994,-0.15424213618905508,W,L,L,L,L,D,-0.6277074605639462,0.665096516902131,0.24306132535784009,0.5488191012241137,0.31255803563869655
215,2025-01-19,Man United,Brighton,-0.40319020091539864,1.242570349584572,2,0.28804015768861885,0.4063421803767875,0,0.02139182324799896,0.3715225179302275,W,D,L,W,D,D,-0.1925113303270374,0.18099318503116005,-0.45222040410945963,-0.1307996167946427,-0.269485121765974
216,2025-01-19,Nott'm Forest,Southampton,1.1539581612406238,0.4315687228160868,1,2.5599061901622324,-0.7429084307898843,1,1.1742818389322442,-1.506208389638638,D,W,W,L,L,L,0.6157100543986503,-2.057984724872081,0.5907021900914899,-1.716576625505074,1.1856227717457022
217,2025-01-19,Ipswich,Man City,-1.1817643819934098,3.6755752298900277,2,-0.8478928585481879,2.7048434027101314,2,-0.7472015205414981,0.6719594631412457,L,D,W,D,W,W,-1.0629035908008548,0.5440706839343883,-0.5681006923540095,0.8886284602334918,-0.3664923146667525
218,2025-01-20,Chelsea,Wolves,1.1539581612406238,-0.3794329039523983,1,0.28804015768861885,0.4063421803767875,0,0.8668445014164456,-0.7551160266110918,D,D,L,L,L,D,0.9265644331392995,-1.0292651446462675,1.1701036313142397,-0.9236881211498584,-0.3664923146667525
219,2025-01-25,Bournemouth,Nott'm Forest,2.7111065233966465,-1.1904345307208835,1,0.28804015768861885,-0.7429084307898843,1,0.6362664982795965,1.1226148809577734,D,W,D,D,W,W,0.42919742715426085,0.6045836004182596,0.011300748868740204,0.5488191012241137,-0.3664923146667525
220,2025-01-25,Brighton,Everton,-1.1817643819934098,-0.3794329039523983,2,-0.8478928585481879,0.4063421803767875,2,0.5226483518063664,-0.30446060879456416,W,W,D,W,W,L,0.2913402678866686,-0.5214828454555207,-0.09954126597387278,0.3075052085942654,0.29990492352120374
221,2025-01-25,Liverpool,Ipswich,1.9325323423186351,-0.3794329039523983,1,2.5599061901622324,-0.7429084307898843,1,1.9194832113890177,-0.8073659301260516,W,W,D,L,L,D,1.9564385053148414,-1.3318297270656243,1.563088956665322,-0.8842899345980465,0.6710628789676604
222,2025-01-25,Southampton,Newcastle,-0.40319020091539864,1.242570349584572,2,0.28804015768861885,1.5555927915434595,2,-1.5358451254733299,0.7731936512014803,L,L,L,L,W,W,-2.087371499867864,0.6940374769596347,-1.9838555182982938,0.4158502216117483,-1.0919374094030085
223,2025-01-25,Wolves,Arsenal,-1.1817643819934098,-0.3794329039523983,2,-0.8478928585481879,-0.7429084307898843,0,-0.8006688835877241,1.2042553551998982,L,L,L,D,W,D,-1.135886792766051,1.2728566781097088,-0.8754353698721637,1.4993003517865773,-0.6279899650949378
224,2025-01-25,Man City,Chelsea,1.1539581612406238,-0.3794329039523983,1,0.28804015768861885,0.4063421803767875,0,0.8167188485606088,0.9168808858676195,W,D,W,W,D,D,0.8860182098253019,0.9834470775346716,1.2305629121374833,1.0659202997166455,0.5782733901060462
225,2025-01-26,Crystal Palace,Brentford,-0.40319020091539864,0.4315687228160868,2,-0.8478928585481879,-0.7429084307898843,0,0.008024982486442568,0.0547574778707841,W,W,D,L,D,W,-0.18440208566423788,0.05733635569455332,-0.3212252956590988,0.19916019557678247,0.5782733901060462
226,2025-01-26,Tottenham,Leicester,-0.40319020091539864,0.4315687228160868,2,0.28804015768861885,-0.7429084307898843,1,-0.21252789007923942,-0.9510531647921908,L,L,L,L,L,L,0.5886792388559852,-1.4475935672956388,0.23298477855396618,-1.6427050257204268,0.11432594579797539
227,2025-01-26,Aston Villa,West Ham,-0.40319020091539864,-0.3794329039523983,0,0.28804015768861885,-0.7429084307898843,1,0.6696836001834878,-0.08892975679535543,D,W,W,L,W,L,-0.06546649727651124,-0.9266562862605725,0.011300748868740204,-1.2093249736504952,0.20711543465958954
228,2025-01-26,Fulham,Man United,-1.1817643819934098,-0.3794329039523983,2,-0.8478928585481879,-0.7429084307898843,0,0.4491307276178058,-0.08892975679535543,W,L,D,L,W,D,0.23187247369280534,-0.28995516499549107,0.3438267933965792,-0.4509098825281148,0.3926944123828179
229,2025-02-01,Nott'm Forest,Brighton,4.268254885552669,-1.1904345307208835,1,2.5599061901622324,-0.7429084307898843,1,1.2578245936919725,0.4858191818692016,W,D,W,W,W,D,0.6481470330498486,0.28886403615458295,0.8980368676096441,-0.1258748434756662,0.3926944123828179
230,2025-02-01,Bournemouth,Liverpool,-1.1817643819934098,0.4315687228160868,2,-0.8478928585481879,0.4063421803767875,2,0.8412247232901292,1.898743656086238,W,W,D,W,W,W,0.8488508384541373,1.9409105061037526,0.22374794398374842,1.5399297316681333,0.02153645693636126
231,2025-02-01,Everton,Leicester,1.9325323423186351,-1.1904345307208835,1,2.5599061901622324,-0.7429084307898843,1,-0.14513673457305895,-0.7864115417372396,W,W,W,W,L,L,-0.29094855026157634,-1.3318297270656243,0.6486423342137649,-1.6788200300595877,0.5550760178906426
232,2025-02-01,Ipswich,Southampton,-0.40319020091539864,0.4315687228160868,2,0.28804015768861885,0.4063421803767875,0,-0.8496806330467646,-1.5437630077900153,L,L,L,L,L,L,-1.4877379084130755,-2.0529419818317582,-1.1571588242638051,-1.990311942484851,0.3772294975725488
233,2025-02-01,Newcastle,Fulham,-0.40319020091539864,0.4315687228160868,2,0.28804015768861885,-0.7429084307898843,1,0.9116791131374995,0.3151905907031614,W,L,W,L,W,L,0.7918608690183517,0.1658649559101922,0.5424187366562608,0.29396208196708,0.6439992780496896
234,2025-02-01,Wolves,Aston Villa,0.3753839801626126,-1.1904345307208835,1,0.28804015768861885,-0.7429084307898843,1,-0.8496806330467646,0.5905911238132617,L,L,L,D,D,W,-1.1457980917983615,-0.05601573786400283,-0.8384880315912927,0.08630080701690447,-0.6898496243360138
235,2025-02-02,Brentford,Tottenham,-1.1817643819934098,0.4315687228160868,2,-0.8478928585481879,0.4063421803767875,2,0.2071352146637941,-0.30446060879456416,W,L,D,L,L,L,0.10798123578892342,0.49868599657148477,0.22374794398374842,0.29396208196708,0.5550760178906426
236,2025-02-02,Man United,Crystal Palace,-1.1817643819934098,0.4315687228160868,2,-0.8478928585481879,-0.7429084307898843,0,0.06622643496905273,-0.09791020896198899,W,L,W,L,W,W,-0.23395858082579063,-0.2224262581946491,-0.41359364136127624,-0.3290217428834466,-0.24523332354077942
237,2025-02-02,Arsenal,Man City,2.7111065233966465,-0.3794329039523983,1,0.28804015768861885,-0.7429084307898843,1,1.3344054522217228,0.8659916569233618,W,D,W,W,W,D,1.3047705939404228,0.9424473841198748,1.4984311146737979,1.124607181767782,-0.15631006338173253
238,2025-02-03,Chelsea,West Ham,0.3753839801626126,-0.3794329039523983,1,-0.8478928585481879,0.4063421803767875,2,0.8412247232901292,-0.09791020896198899,L,W,D,D,L,W,0.8488508384541373,-0.8880683395172342,1.0735367244437815,-1.2634974801592367,0.11045971709540815
239,2025-02-12,Everton,Liverpool,0.3753839801626126,0.4315687228160868,0,0.28804015768861885,0.4063421803767875,0,-0.14513673457305895,1.898743656086238,W,W,W,W,W,W,-0.29094855026157634,1.9409105061037526,0.6486423342137649,1.5399297316681333,-0.15631006338173253
240,2025-02-14,Brighton,Chelsea,1.1539581612406238,-1.1904345307208835,1,1.4239731739254256,-0.7429084307898843,1,0.32268041401348185,0.8852696942410688,L,L,W,W,L,W,-0.1701298150577107,0.8514762996724549,-0.4985725194072796,0.879566877326575,-0.06382987281632377
241,2025-02-15,Leicester,Arsenal,-1.1817643819934098,0.4315687228160868,2,-0.8478928585481879,-0.7429084307898843,0,-0.8271352282956058,1.3479425898660373,L,W,L,W,W,D,-1.5378890815165671,1.43724133123633,-1.926217670580135,1.4776313491830806,-0.6613941810851188
242,2025-02-15,Aston Villa,Ipswich,-0.40319020091539864,-0.3794329039523983,0,-0.8478928585481879,-0.7429084307898843,0,0.5255890567739089,-0.8993257603123807,L,D,D,L,L,L,-0.1701298150577107,-1.4383324600772378,0.011300748868740204,-1.1139813621951102,0.6191007652051564
243,2025-02-15,Fulham,Nott'm Forest,0.3753839801626126,-0.3794329039523983,1,0.28804015768861885,0.4063421803767875,0,0.45795284252043306,1.149654206026765,W,L,W,W,L,W,0.21284277955076908,0.6917222001550344,0.2152500561791481,0.9792442893026594,-0.2345625323216938
244,2025-02-15,Man City,Newcastle,1.9325323423186351,-1.1904345307208835,1,2.5599061901622324,-0.7429084307898843,1,0.7961339137878117,0.7530774383482206,L,W,W,L,W,L,0.7052361154759574,0.6917222001550344,1.0310472854207797,0.5805346413983222,0.10690278668904628
245,2025-02-15,Southampton,Bournemouth,-0.40319020091539864,1.242570349584572,2,-0.8478928585481879,1.5555927915434595,2,-1.3682249423234119,0.6869813104017969,W,L,L,L,W,W,-1.975572046783401,0.6917222001550344,-1.926217670580135,0.08214758151790097,-0.576027851332434
246,2025-02-15,West Ham,Brentford,-1.1817643819934098,-0.3794329039523983,2,-0.8478928585481879,0.4063421803767875,2,-0.15077308576084836,0.09211615888398017,L,D,L,L,W,L,-0.9360750042746702,-0.0005455644204540734,-1.1104204413385033,0.08214758151790097,-0.2345625323216938
247,2025-02-15,Crystal Palace,Everton,-0.40319020091539864,0.4315687228160868,2,-0.8478928585481879,0.4063421803767875,2,0.05213555699957866,-0.17226835290171594,W,L,W,D,W,W,-0.11541944439935643,-0.2668023969494881,-0.29462321209687165,0.5805346413983222,0.02153645693636126
248,2025-02-16,Liverpool,Wolves,0.3753839801626126,-0.3794329039523983,1,1.4239731739254256,-0.7429084307898843,1,1.8783133418434235,-0.7010373764731085,D,W,W,W,L,L,1.9088642699597507,-0.9590701615249767,1.5409205536967994,-0.7152717142907733,0.7044670949578414
249,2025-02-16,Tottenham,Man United,-0.40319020091539864,-1.1904345307208835,1,0.28804015768861885,-0.7429084307898843,1,-0.15077308576084836,-0.04007609700886807,W,L,L,L,W,L,0.5958153741592488,-0.3200537634552949,0.419199363489556,-0.41623947836252034,-0.3199288620743788
250,2025-02-21,Leicester,Brentford,-1.1817643819934098,2.0535719763530573,2,-0.8478928585481879,2.7048434027101314,2,-0.8713589068459554,0.20397114463946708,L,L,W,W,L,W,-1.584182472073636,0.05065767260436017,-1.8516977313705627,0.17415750026505566,-0.3067955805739657
251,2025-02-22,Everton,Man United,0.3753839801626126,0.4315687228160868,0,1.4239731739254256,-0.7429084307898843,1,-0.025906228677508823,-0.1137987012568024,W,D,W,L,L,W,-0.21642320561477968,-0.3589682235941537,0.697668610009536,-0.49674815726628074,0.5961175225794335
252,2025-02-22,Arsenal,West Ham,-1.1817643819934098,-0.3794329039523983,2,-0.8478928585481879,0.4063421803767875,2,1.469894663466666,-0.24090663961531014,W,W,W,L,L,D,1.519578940275307,-0.9222038308671104,1.482089022741874,-1.1676538147976172,0.760283541334597
253,2025-02-22,Bournemouth,Wolves,-1.1817643819934098,-0.3794329039523983,2,-0.8478928585481879,0.4063421803767875,2,0.8195464494909379,-0.7493383930493416,W,L,W,L,W,L,0.7830931814128461,-0.9734070678919247,0.305458403643367,-0.8801228187127587,0.5961175225794335
254,2025-02-22,Fulham,Crystal Palace,-1.1817643819934098,0.4315687228160868,2,-0.8478928585481879,0.4063421803767875,2,0.5594071639006468,-0.05024473207754873,W,W,L,L,W,L,0.25703192508251677,-0.1541552754948968,0.2074058520518247,-0.4009044919046612,0.02153645693636126
255,2025-02-22,Ipswich,Tottenham,-0.40319020091539864,2.0535719763530573,2,0.28804015768861885,1.5555927915434595,2,-0.8713589068459554,-0.05024473207754873,D,L,L,W,W,L,-1.4263640951745373,0.6138932798773169,-1.0672773186382247,0.46168849634991416,-0.3888785899515475
256,2025-02-22,Southampton,Brighton,-1.1817643819934098,2.0535719763530573,2,-0.8478928585481879,0.4063421803767875,2,-1.391637478026538,0.3946330521772288,L,W,L,W,L,L,-2.005031477137899,-0.0005455644204540734,-2.0478028345536474,-0.3050608265430418,-0.47096159932912923
257,2025-02-22,Aston Villa,Chelsea,0.3753839801626126,-0.3794329039523983,1,-0.8478928585481879,0.4063421803767875,2,0.4943723425030738,0.775956867252752,D,L,D,L,W,L,-0.16381707998174674,0.665096516902131,0.011300748868740204,0.653375827073153,-0.060546552441220494
258,2025-02-23,Newcastle,Nott'm Forest,1.9325323423186351,1.242570349584572,1,3.695839206399039,0.4063421803767875,1,0.6894768066957924,1.0301727439697679,L,L,W,L,W,L,0.46745642761464845,0.6138932798773169,0.305458403643367,0.9409068231580116,-0.060546552441220494
259,2025-02-23,Man City,Liverpool,-1.1817643819934098,0.4315687228160868,2,-0.8478928585481879,1.5555927915434595,2,0.8845812708885109,1.8563743433000681,W,L,W,W,D,W,0.888305432678912,1.8427709684728586,1.2859839195587897,1.611812480689348,-0.224712571196384
260,2025-02-25,Brighton,Bournemouth,0.3753839801626126,-0.3794329039523983,1,0.28804015768861885,-0.7429084307898843,1,0.5280941017462597,0.6747412867080145,W,W,L,L,W,L,0.19663229935570115,0.689749927321486,-0.17754120234460047,0.16705796949752827,0.02153645693636126
261,2025-02-25,Crystal Palace,Aston Villa,1.9325323423186351,-0.3794329039523983,1,0.28804015768861885,-0.7429084307898843,1,0.0897112315848432,0.5523410497701923,W,L,W,W,D,L,-0.05665645369223519,-0.09915920609787408,-0.27196217795127076,-0.10982373043603909,0.2586651506938196
262,2025-02-25,Wolves,Fulham,-0.40319020091539864,0.4315687228160868,2,0.28804015768861885,0.4063421803767875,0,-0.5991761358116692,0.4299408128323698,W,L,W,L,W,W,-0.9178382140552187,0.14737489809567594,-0.7440670559846224,0.0747640695196725,-0.21559223682109713
263,2025-02-25,Chelsea,Southampton,1.9325323423186351,-1.1904345307208835,1,2.5599061901622324,-0.7429084307898843,1,0.7159724746725813,-1.4060627412349653,L,L,W,L,L,W,0.6018943042323993,-2.0714320396462744,0.7666685537221027,-2.0479956299710107,0.2586651506938196
264,2025-02-26,Brentford,Everton,-0.40319020091539864,-0.3794329039523983,0,0.28804015768861885,-0.7429084307898843,1,0.3402157288199385,-0.05966013491891952,W,W,L,D,W,D,0.2472900499652884,-0.19777284777529408,0.4834056269020918,0.8131152693425188,-0.13654933890194432
265,2025-02-26,Man United,Ipswich,1.1539581612406238,0.4315687228160868,1,1.4239731739254256,1.5555927915434595,0,-0.09816714134147837,-0.9164617934836758,D,L,L,L,D,L,-0.3606029573497588,-1.4797501895817542,-0.649646080377952,-1.125056630192453,0.2586651506938196
266,2025-02-26,Nott'm Forest,Arsenal,-1.1817643819934098,-1.1904345307208835,0,-0.8478928585481879,-0.7429084307898843,0,0.9664769719076767,1.2867424713971263,L,L,W,L,W,W,0.551236553622812,1.3800454190634261,0.6722475781154325,1.2745847692317978,-0.2946351347402499
267,2025-02-26,Tottenham,Man City,-1.1817643819934098,-0.3794329039523983,2,-0.8478928585481879,0.4063421803767875,2,0.0897112315848432,0.7359414051769255,W,W,W,L,W,L,0.7538675560611612,0.7390567481601961,0.5778266025087622,0.9977030692982304,0.02153645693636126
268,2025-02-26,Liverpool,Newcastle,0.3753839801626126,-1.1904345307208835,1,0.28804015768861885,-0.7429084307898843,1,1.9684949608480582,0.7359414051769255,W,W,D,W,L,L,1.9189958200816684,0.492522643966646,1.8052992853954763,0.5362335694089515,0.5748367423704308
269,2025-02-27,West Ham,Leicester,0.3753839801626126,-1.1904345307208835,1,1.4239731739254256,-0.7429084307898843,1,-0.09816714134147837,-0.9164617934836758,W,L,L,L,L,L,-0.8671804634456315,-1.6769774729365943,-1.0273299828046334,-2.0479956299710107,0.10057935485551404
270,2025-03-08,Nott'm Forest,Man City,-0.40319020091539864,-1.1904345307208835,1,-0.8478928585481879,-0.7429084307898843,0,0.9217440259728381,0.8168129902965583,D,L,L,W,L,W,0.5313352944547599,0.7601882428053574,0.6486423342137649,1.050442440714148,-0.359563229459554
271,2025-03-08,Brighton,Fulham,0.3753839801626126,-0.3794329039523983,1,0.28804015768861885,0.4063421803767875,0,0.6197966409126788,0.5217409905357365,W,W,W,W,L,W,0.23824402307071926,0.18963788738599882,-0.07974804903769189,0.07146785880617765,0.02153645693636126
272,2025-03-08,Crystal Palace,Ipswich,-0.40319020091539864,-1.1904345307208835,1,-0.8478928585481879,-0.7429084307898843,0,0.19707030182845547,-0.953619008268372,W,W,L,L,L,D,0.09169838737869894,-1.474467315920464,-0.170796846944124,-1.0855021016305146,0.6312959551698256
273,2025-03-08,Liverpool,Southampton,1.1539581612406238,-0.3794329039523983,1,-0.8478928585481879,0.4063421803767875,2,2.0087546121894126,-1.4257342078856867,W,W,W,L,L,L,1.9479431061442896,-2.187655260194662,1.8322767069973822,-2.242472062067207,0.7837358297281918
274,2025-03-08,Brentford,Aston Villa,-1.1817643819934098,-0.3794329039523983,2,-0.8478928585481879,-0.7429084307898843,0,0.3178492558525193,0.4627265905835721,D,W,W,L,W,D,0.23824402307071926,-0.23827487917852017,0.5575935363073328,-0.1955252089869052,0.40263614333227654
275,2025-03-08,Wolves,Everton,-0.40319020091539864,-0.3794329039523983,0,0.28804015768861885,0.4063421803767875,0,-0.6483823763399914,-0.06840300898590693,L,W,L,D,D,W,-0.9341210624654432,-0.19072901622690694,-0.7170896343827166,0.6944516836567042,-0.20712335490118788
276,2025-03-09,Chelsea,Leicester,-0.40319020091539864,-1.1904345307208835,1,-0.8478928585481879,-0.7429084307898843,0,0.8009650719487743,-0.953619008268372,W,L,L,L,L,L,0.7755780206081271,-1.7121966306785301,1.0128375258394933,-2.153474372802846,0.2501962687739104
277,2025-03-09,Tottenham,Bournemouth,0.3753839801626126,0.4315687228160868,0,-0.8478928585481879,0.4063421803767875,2,0.01590187079235965,0.580755390487901,L,W,W,L,L,W,0.6778809301467802,0.6175506539505179,0.4665447384009007,0.07146785880617765,0.2501962687739104
278,2025-03-09,Man United,Arsenal,-0.40319020091539864,-0.3794329039523983,0,0.28804015768861885,-0.7429084307898843,1,0.01590187079235965,1.2299137899617087,W,D,L,D,L,W,-0.29908997446668856,1.3307385982247162,-0.6260408364762845,1.22843781924287,-0.20712335490118788
279,2024-11-25,West Ham,Newcastle,-1.1817643819934098,0.4315687228160868,2,-0.8478928585481879,0.4063421803767875,2,0.01590187079235965,0.6397697904400652,W,W,L,L,W,L,-0.7387268815427495,0.3798213391924517,-0.8081384322891488,0.4274586158636215,0.0977563942155443
